{"model_type": "VAE", "batch_size": 64, "z_dim": 32, "lr": 0.001, "epochs": 30, "image_size": 32, "input_channels": 1, "binary": true, "decoder_features": 32, "encoder_features": 32, "train_losses": [978.8663330078125, 973.1033935546875, 972.01953125, 971.4190063476562, 970.9603271484375, 970.6190795898438, 970.3997802734375, 970.2246704101562, 970.027587890625, 969.8473510742188, 969.7825927734375, 969.6239624023438, 969.595947265625, 969.4872436523438, 969.4188842773438, 969.327880859375, 969.2916870117188, 969.2257080078125, 969.158203125, 969.123046875, 969.09375, 968.9911499023438, 968.9999389648438, 968.9615478515625, 968.91357421875, 968.8825073242188, 968.8934936523438, 968.8333740234375, 968.8230590820312, 968.7388916015625], "dataset": "MNIST"}