{"model_type": "VAE", "batch_size": 64, "z_dim": 16, "lr": 0.001, "epochs": 10, "image_size": 32, "input_channels": 1, "binary": true, "decoder_features": 16, "encoder_features": 16, "train_losses": [1012.6343994140625, 989.5546875, 986.4174194335938, 984.7177734375, 983.6036987304688, 982.7972412109375, 982.0928344726562, 981.52880859375, 981.1854248046875, 980.8150024414062], "dataset": "MNIST"}