{"model_type": "AVAE", "batch_size": 64, "z_dim": 16, "primal_lr": 0.001, "adv_lr": 0.0005, "epochs": 10, "image_size": 32, "input_channels": 1, "binary": 1, "decoder_features": 16, "encoder_features": 16, "train_losses": [990.3936157226562, 40.821624755859375, -15.146040916442871, -43.31307601928711, -69.3804702758789, -95.09698486328125, -118.5341796875, -193.93661499023438, -187.03858947753906, -266.85137939453125], "recon_error": [0.0480949692428112, 0.0020539937540888786, 6.96157367201522e-05, 6.217932241270319e-05, 7.195541547844186e-05, 6.726514402544126e-05, 6.875611143186688e-05, 6.682472303509712e-05, 6.380229751812294e-05, 6.886391929583624e-05]}