{"model_type": "VAE", "batch_size": 32, "z_dim": 4, "lr": 0.001, "epochs": 5, "image_size": 32, "input_channels": 1, "binary": true, "decoder_features": 16, "encoder_features": 16, "train_losses": [976.2144165039062, 973.5923461914062, 972.9044799804688, 972.4430541992188, 972.1773681640625], "recon_error": [0.059276267886161804, 0.052238088101148605, 0.05040104314684868, 0.04920569434762001, 0.048483990132808685], "dataset": "MNIST"}